{"camera_matrix": [[660.495806666926, 0.0, 325.6843570684666], [0.0, 663.9717220691728, 223.48384400336468], [0.0, 0.0, 1.0]], "dist_coeffs": [[-0.10105182306520916, 0.3108991213791377, 0.0014638828144880572, 0.009060038562131471, -0.04363890343556235]]}